Page,URL_Relative,Keyword_Principal,Volume_Mensuel_Maroc,Intention,Difficulte_1_10,Priorite_1_3,Keywords_Secondaires,Schema_Recommande
Homepage,/,agence marketing maroc,1500,Commercial,7,1,"agence digitale maroc, agence web casablanca, marketing digital maroc",LocalBusiness+FAQPage+WebSite
Homepage,/,agence marketing casablanca,800,Commercial Local,6,1,"agence pub casablanca, agence communication casablanca",LocalBusiness+FAQPage
Agence Marketing Maroc,/agence-marketing-maroc.html,agence marketing maroc,1500,Commercial,7,1,"agence de marketing maroc, marketing digital maroc, agence pub maroc",Service+FAQPage
Agence Marketing Maroc,/agence-marketing-maroc.html,agence communication maroc,600,Commercial,6,1,"agence publicité maroc, agence branding maroc",Service+FAQPage
Agence Marketing Maroc,/agence-marketing-maroc.html,marketing digital maroc,900,Informationnelle,5,2,"stratégie marketing maroc, marketing en ligne maroc",Service
Agence Marketing Maroc,/agence-marketing-maroc.html,meilleure agence marketing maroc,400,Commercial,6,1,"top agence marketing maroc, agence marketing recommandée maroc",Service+FAQPage
Agence Marketing Casablanca,/agence-marketing-casablanca.html,agence marketing casablanca,800,Commercial Local,6,1,"agence pub casablanca, agence communication casablanca, marketing digital casablanca",Service+FAQPage
Agence Marketing Casablanca,/agence-marketing-casablanca.html,agence digitale casablanca,500,Commercial Local,5,1,"agence web casablanca, communication digitale casablanca",Service
Agence Marketing Casablanca,/agence-marketing-casablanca.html,agence communication casablanca,400,Commercial Local,5,2,"agence publicité casablanca, agence branding casablanca",Service
Agence Marketing Casablanca,/agence-marketing-casablanca.html,meilleure agence marketing casablanca,250,Commercial Local,5,1,"top agence casablanca, agence marketing maarif",Service+FAQPage
Création Site Internet Maroc,/creation-site-internet-maroc.html,création site internet maroc,1200,Commercial,6,1,"faire un site internet maroc, créer site web maroc, site internet professionnel maroc",Service+FAQPage
Création Site Internet Maroc,/creation-site-internet-maroc.html,prix site internet maroc,700,Commercial,5,1,"tarif site internet maroc, coût site web maroc, combien coûte un site internet maroc",Service+FAQPage
Création Site Internet Maroc,/creation-site-internet-maroc.html,combien coute site web maroc,600,Informationnelle,4,1,"prix site internet professionnel maroc, budget site web maroc",FAQPage
Création Site Internet Maroc,/creation-site-internet-maroc.html,site web vitrine maroc,500,Commercial,5,2,"site vitrine professionnel maroc, site one page maroc",Service
Création Site Internet Maroc,/creation-site-internet-maroc.html,site e-commerce maroc,600,Commercial,6,2,"boutique en ligne maroc, créer e-commerce maroc, vendre en ligne maroc",Service
Création Site Internet Maroc,/creation-site-internet-maroc.html,tarif site web maroc,400,Commercial,4,1,"prix création site web maroc, devis site internet maroc",FAQPage
Création Site Internet Maroc,/creation-site-internet-maroc.html,site internet 1499 mad,200,Commercial,3,1,"site web pas cher maroc, site vitrine moins cher maroc",FAQPage
Création Site Internet Casablanca,/creation-site-internet-casablanca.html,création site internet casablanca,500,Commercial Local,5,1,"faire un site internet casablanca, agence web création site casablanca",Service+FAQPage
Création Site Internet Casablanca,/creation-site-internet-casablanca.html,site internet casablanca prix,300,Commercial Local,4,1,"tarif site internet casablanca, devis site web casablanca",FAQPage
Création Site Internet Casablanca,/creation-site-internet-casablanca.html,agence création site casablanca,250,Commercial Local,5,1,"développeur web casablanca, créer site casablanca",Service
Agence Web Maroc,/agence-web-maroc.html,agence web maroc,1000,Commercial,7,1,"agence développement web maroc, agence web professionnelle maroc",Service+FAQPage
Agence Web Maroc,/agence-web-maroc.html,développement web maroc,500,Commercial,6,2,"développeur web maroc, prestataire web maroc, freelance web maroc",Service
Agence Web Maroc,/agence-web-maroc.html,application web maroc,400,Commercial,6,2,"développement application maroc, appli web sur mesure maroc",Service
Agence Web Maroc,/agence-web-maroc.html,agence web maroc prix,300,Commercial,4,2,"tarif agence web maroc, combien agence web maroc",FAQPage
SEO Maroc,/seo-maroc.html,seo maroc,900,Commercial,7,1,"référencement google maroc, seo casablanca, optimisation moteur recherche maroc",Service+FAQPage
SEO Maroc,/seo-maroc.html,référencement google maroc,700,Commercial,6,1,"référencement naturel maroc, positionner site google maroc",Service+FAQPage
SEO Maroc,/seo-maroc.html,agence seo maroc,500,Commercial,7,1,"expert seo maroc, consultant seo maroc, seo casablanca",Service
SEO Maroc,/seo-maroc.html,prix seo maroc,350,Commercial,4,1,"tarif référencement maroc, combien coûte seo maroc, seo 1500 mad",FAQPage
SEO Maroc,/seo-maroc.html,audit seo maroc,300,Informationnelle,5,2,"audit référencement maroc, diagnostic seo site web maroc",Service
SEO Maroc,/seo-maroc.html,seo local casablanca prix,200,Commercial Local,4,1,"référencement local casablanca, seo casablanca tarif",FAQPage
Google Ads Maroc,/google-ads-maroc.html,google ads maroc,600,Commercial,6,1,"publicité google maroc, campagne google maroc, adwords maroc",Service+FAQPage
Google Ads Maroc,/google-ads-maroc.html,agence google ads maroc,350,Commercial,6,1,"expert google ads maroc, gérer campagne google maroc",Service
Google Ads Maroc,/google-ads-maroc.html,publicité en ligne maroc,400,Commercial,5,2,"pub google maroc, annonces google maroc, sem maroc",Service
Google Ads Maroc,/google-ads-maroc.html,budget google ads maroc,200,Informationnelle,3,2,"combien google ads maroc, prix pub google maroc",FAQPage
Google Ads Maroc,/google-ads-maroc.html,google ads rentable maroc,180,Informationnelle,3,2,"retour sur investissement google ads maroc, roi google ads",FAQPage
Agence Digitale Maroc,/agence-digitale-maroc.html,agence digitale maroc,700,Commercial,6,1,"transformation digitale maroc, digital marketing maroc, agence numérique maroc",Service+FAQPage
Agence Digitale Maroc,/agence-digitale-maroc.html,transformation digitale maroc,400,Informationnelle,5,2,"digitalisation entreprise maroc, numérique maroc",Service
Agence Digitale Maroc,/agence-digitale-maroc.html,automatisation marketing maroc,250,Commercial,5,2,"automatiser marketing maroc, crm maroc, email marketing maroc",Service
Casablanca Hub,/casablanca.html,agence web casablanca,600,Commercial Local,6,1,"agence marketing casablanca, prestataire digital casablanca",LocalBusiness+FAQPage
Casablanca Hub,/casablanca.html,agence casablanca,800,Commercial Local,7,2,"agence digitale casablanca, agence communication casablanca",LocalBusiness
Casablanca Hub,/casablanca.html,agence maarif casablanca,150,Local,3,3,"agence web maarif, agence marketing maarif casablanca",LocalBusiness
Casablanca Hub,/casablanca.html,agence anfa casablanca,120,Local,2,3,"agence digitale anfa, marketing anfa casablanca",LocalBusiness
Études de Cas,/etudes-de-cas.html,résultats agence marketing maroc,200,Transactionnel,4,2,"portfolio agence maroc, références agence web maroc, témoignages clients maroc",FAQPage
Études de Cas,/etudes-de-cas.html,cas client seo maroc,150,Transactionnel,3,3,"exemple référencement google maroc, avant après seo maroc",Article
Blog (général),/blog/,blog marketing digital maroc,300,Informationnelle,4,3,"conseils marketing maroc, guide digital maroc",WebPage
Blog — Site Internet,/blog/combien-coute-site-internet-maroc,combien coûte un site internet au maroc,700,Informationnelle,4,1,"prix site web maroc, tarif création site maroc",Article+FAQPage
Blog — SEO,/blog/seo-ou-google-ads-maroc,seo ou google ads maroc,300,Informationnelle,4,2,"différence seo ads maroc, référencement vs publicité maroc",Article+FAQPage
Blog — Marketing,/blog/reseaux-sociaux-entreprises-maroc,réseaux sociaux entreprises maroc,400,Informationnelle,4,2,"facebook marketing maroc, instagram marketing maroc, tiktok maroc",Article
Blog — Web,/blog/site-vitrine-vs-ecommerce,site vitrine ou e-commerce maroc,250,Informationnelle,3,2,"quelle type de site choisir maroc, e-commerce vs vitrine maroc",Article+FAQPage
Blog — Local,/blog/choisir-agence-web-casablanca,choisir agence web casablanca,200,Informationnelle,3,2,"critères agence web casablanca, trouver agence digitale casablanca",Article
Blog — WhatsApp,/blog/whatsapp-business-pme-maroc,whatsapp business pme maroc,350,Informationnelle,3,3,"whatsapp marketing maroc, whatsapp business maroc",Article+FAQPage
Blog — Automatisation,/blog/automatisation-pme-marocaines,automatisation pme marocaines,220,Informationnelle,3,2,"automatiser processus entreprise maroc, outils automatisation maroc",Article+FAQPage
Blog — WordPress,/blog/wordpress-ou-site-sur-mesure-maroc,wordpress ou site sur mesure maroc,280,Informationnelle,3,2,"wordpress vs développement maroc, cms maroc avantages",Article+FAQPage
Blog — GBP,/blog/google-business-profile-maroc,google business profile maroc,350,Informationnelle,3,2,"fiche google my business maroc, optimiser gmb maroc",Article+FAQPage
Blog — E-commerce,/blog/ecommerce-maroc-paiement-en-ligne,e-commerce maroc paiement en ligne,420,Informationnelle,4,1,"comment accepter paiements en ligne maroc, cmi maroc, payzone maroc",Article+FAQPage
